title,artist,followers,artist_popularity,year,tempo,energy,danceability,loudness,liveness,valence,duration,acousticness,speechiness,track_popularity,is_dance_pop
"Hey, Soul Sister",Train,3.693075,78,2010,97,89,67,-4,8,80,217,19,4,83,0
Love The Way You Lie,Eminem,44.814807,94,2010,87,93,75,-5,52,64,263,24,23,82,0
TiK ToK,Kesha,6.410236,81,2010,120,84,76,-3,29,71,200,10,14,80,1
Bad Romance,Lady Gaga,17.68018,89,2010,119,92,70,-4,8,71,295,0,4,79,1
Just the Way You Are,Bruno Mars,31.020064,93,2010,109,84,64,-5,9,43,221,2,4,78,0
Baby,Justin Bieber,46.280515,97,2010,65,86,73,-5,11,54,214,4,14,77,0
Dynamite,Taio Cruz,1.93639,75,2010,120,78,75,-4,4,82,203,0,9,77,1
Secrets,OneRepublic,11.875281,86,2010,148,76,52,-6,12,38,225,7,4,77,1
Empire State of Mind (Part II) Broken Down,Alicia Keys,8.702335,82,2010,93,37,48,-8,12,14,216,74,3,76,0
Only Girl (In The World),Rihanna,43.069731,92,2010,126,72,79,-4,7,61,235,13,4,73,0
Club Can't Handle Me (feat. David Guetta),Flo Rida,8.090245,83,2010,128,87,62,-4,6,47,235,3,3,73,1
Marry You,Bruno Mars,31.020064,93,2010,145,83,62,-5,10,48,230,33,4,73,0
Cooler Than Me - Single Mix,Mike Posner,1.153346,77,2010,130,82,77,-5,70,63,213,18,5,73,1
Telephone,Lady Gaga,17.68018,89,2010,122,83,83,-6,11,71,221,1,4,73,1
Like A G6,Far East Movement,1.03537,70,2010,125,84,44,-8,12,78,217,1,45,72,1
OMG (feat. will.i.am),Usher,8.745545,84,2010,130,75,78,-6,36,33,269,20,3,72,0
Eenie Meenie,Sean Kingston,2.129817,75,2010,121,61,72,-4,11,83,202,5,3,71,1
The Time (Dirty Bit),The Black Eyed Peas,10.823572,85,2010,128,81,82,-8,60,44,308,7,7,70,1
Alejandro,Lady Gaga,17.68018,89,2010,99,80,63,-7,36,37,274,0,5,69,1
Your Love Is My Drug,Kesha,6.410236,81,2010,120,61,83,-4,9,76,187,1,10,69,1
Meet Me Halfway,The Black Eyed Peas,10.823572,85,2010,130,63,80,-7,32,40,284,0,7,68,1
Whataya Want from Me,Adam Lambert,1.208125,67,2010,186,68,44,-5,6,45,227,1,5,66,0
Take It Off,Kesha,6.410236,81,2010,125,68,73,-5,9,74,215,0,3,66,1
Misery,Maroon 5,31.08034,91,2010,103,81,70,-5,22,73,216,0,4,65,0
All The Right Moves,OneRepublic,11.875281,86,2010,146,95,53,-4,28,65,238,26,5,65,1
Animal,Neon Trees,1.037009,73,2010,148,83,48,-6,38,74,212,0,4,65,0
Naturally,Selena Gomez & The Scene,6.54183,71,2010,133,90,61,-5,5,88,203,2,5,64,1
I Like It,Enrique Iglesias,10.143558,80,2010,129,94,65,-3,6,73,231,2,9,63,1
Teenage Dream,Katy Perry,18.436129,87,2010,120,80,72,-5,13,59,228,2,4,63,1
California Gurls,Katy Perry,18.436129,87,2010,125,75,79,-4,18,40,235,0,5,62,1
3,Britney Spears,9.141552,85,2010,135,71,70,-2,14,79,213,5,5,62,1
My First Kiss - feat. Ke$ha,3OH!3,0.763575,69,2010,138,89,68,-4,36,83,192,1,8,62,1
Blah Blah Blah (feat. 3OH!3),Kesha,6.410236,81,2010,120,84,75,-3,42,52,172,8,12,62,1
Imma Be,The Black Eyed Peas,10.823572,85,2010,92,52,60,-7,31,41,258,18,37,62,1
Try Sleeping with a Broken Heart,Alicia Keys,8.702335,82,2010,111,82,50,-5,13,55,249,16,11,62,0
Sexy Bitch (feat. Akon),David Guetta,22.646855,92,2010,130,63,81,-5,13,80,196,8,5,61,1
Bound To You - Burlesque Original Motion Picture Soundtrack,Christina Aguilera,6.153648,82,2010,164,41,29,-5,13,7,264,83,3,61,1
If I Had You,Adam Lambert,1.208125,67,2010,131,91,65,-4,37,79,228,1,11,59,0
Rock That Body,The Black Eyed Peas,10.823572,85,2010,125,91,72,-6,43,84,269,2,10,59,1
Dog Days Are Over,Florence + The Machine,5.581325,78,2010,150,81,50,-5,12,26,253,3,9,58,0
Something's Got A Hold On Me - Burlesque Original Motion Picture Soundtrack,Christina Aguilera,6.153648,82,2010,150,85,51,-4,12,72,185,47,27,58,1
Doesn't Mean Anything,Alicia Keys,8.702335,82,2010,104,41,71,-7,10,10,273,4,3,57,0
Hard,Rihanna,43.069731,92,2010,182,75,31,-4,65,16,251,1,11,57,0
Loca,Shakira,21.772872,87,2010,112,87,80,-4,9,85,193,19,7,56,0
You Lost Me,Christina Aguilera,6.153648,82,2010,43,39,23,-6,14,7,257,85,4,56,1
Not Myself Tonight,Christina Aguilera,6.153648,82,2010,120,81,76,-5,56,54,186,0,4,55,1
Written in the Stars (feat. Eric Turner),Tinie Tempah,0.777402,70,2010,91,95,64,-4,18,57,220,6,7,52,1
DJ Got Us Fallin' In Love (feat. Pitbull),Usher,8.745545,84,2010,120,86,66,-3,8,65,221,3,11,52,0
Castle Walls (feat. Christina Aguilera),T.I.,3.764897,80,2010,80,86,45,-5,26,58,329,7,39,49,0
Break Your Heart,Taio Cruz,1.93639,75,2010,122,90,67,-5,8,63,186,0,3,33,1
Hello,Martin Solveig,1.174888,72,2010,128,98,67,-3,10,45,191,1,3,0,0
A Thousand Years,Christina Perri,2.999315,75,2011,139,41,42,-7,11,16,285,31,3,81,1
Someone Like You,Adele,27.446503,85,2011,135,33,56,-8,10,28,285,89,3,80,0
Give Me Everything,Pitbull,8.451805,87,2011,129,94,67,-3,30,53,252,19,16,79,1
Just the Way You Are,Bruno Mars,31.020064,93,2011,109,84,64,-5,9,43,221,2,4,78,0
Rolling in the Deep,Adele,27.446503,85,2011,105,76,73,-5,5,52,228,13,3,76,0
Run the World (Girls),Beyoncé,27.615669,88,2011,127,90,73,-4,37,76,236,0,14,76,1
Moves Like Jagger - Studio Recording From The Voice Performance,Maroon 5,31.08034,91,2011,128,76,72,-4,32,62,201,1,5,76,0
Love On Top,Beyoncé,27.615669,88,2011,94,75,65,-5,60,65,267,8,9,76,1
Grenade,Bruno Mars,31.020064,93,2011,110,56,71,-7,12,23,223,15,6,75,0
Tonight Tonight,Hot Chelle Rae,0.523618,66,2011,100,78,69,-5,16,81,200,8,12,75,1
What the Hell,Avril Lavigne,7.31976,80,2011,150,93,58,-4,14,88,221,0,5,74,0
Born This Way,Lady Gaga,17.68018,89,2011,124,83,59,-5,33,49,260,0,16,73,1
Monster,Kanye West,14.020397,92,2011,125,69,63,-6,67,10,379,0,20,73,0
Marry You,Bruno Mars,31.020064,93,2011,145,83,62,-5,10,48,230,33,4,73,0
Best Thing I Never Had,Beyoncé,27.615669,88,2011,99,65,55,-4,9,30,254,14,3,73,1
Party Rock Anthem,LMFAO,3.7376,71,2011,130,74,75,-4,27,35,262,2,16,72,1
We R Who We R,Kesha,6.410236,81,2011,120,82,74,-5,12,65,205,1,4,72,1
Price Tag,Jessie J,8.652796,76,2011,175,83,64,-4,27,68,223,3,18,72,0
Good Life,OneRepublic,11.875281,86,2011,95,69,63,-8,13,65,253,8,5,72,1
Just Cant Get Enough,The Black Eyed Peas,10.823572,85,2011,94,63,66,-9,11,26,219,19,18,71,1
On The Floor,Jennifer Lopez,10.075421,80,2011,130,78,73,-5,7,57,285,11,5,69,1
What's My Name?,Rihanna,43.069731,92,2011,100,79,69,-3,8,58,263,23,7,69,0
Yeah 3x,Chris Brown,13.729034,91,2011,130,88,71,-3,9,70,242,0,4,69,1
Without You (feat. Usher),David Guetta,22.646855,92,2011,128,61,61,-4,16,40,208,23,3,68,1
Sexy And I Know It,LMFAO,3.7376,71,2011,130,86,71,-4,19,80,199,10,32,67,1
The Edge Of Glory,Lady Gaga,17.68018,89,2011,128,77,58,-6,11,36,321,0,4,67,1
E.T.,Katy Perry,18.436129,87,2011,152,87,62,-5,37,76,230,2,18,66,1
Till the World Ends,Britney Spears,9.141552,85,2011,132,71,69,-6,20,45,238,2,7,65,1
I Wanna Go,Britney Spears,9.141552,85,2011,130,55,70,-7,33,79,210,0,4,64,1
Blow,Kesha,6.410236,81,2011,120,73,75,-4,7,81,220,0,4,64,1
You And I,Lady Gaga,17.68018,89,2011,127,70,52,-5,9,52,307,9,5,64,1
Judas,Lady Gaga,17.68018,89,2011,131,93,66,-4,27,53,249,0,7,63,1
Tonight (I'm Fuckin' You),Enrique Iglesias,10.143558,80,2011,126,89,65,-4,12,32,232,3,5,63,1
Please Don't Go,Mike Posner,1.153346,77,2011,120,88,70,-4,13,66,197,0,3,63,1
We Found Love,Rihanna,43.069731,92,2011,128,77,73,-4,11,60,215,3,4,61,0
Marry The Night,Lady Gaga,17.68018,89,2011,131,88,61,-4,46,38,265,0,6,61,1
1+1,Beyoncé,27.615669,88,2011,63,38,30,-7,7,26,274,38,3,60,1
Hold It Against Me,Britney Spears,9.141552,85,2011,133,72,65,-5,24,39,229,1,4,59,1
I'm Into You,Jennifer Lopez,10.075421,80,2011,84,75,59,-4,8,70,200,2,14,59,1
Papi,Jennifer Lopez,10.075421,80,2011,120,81,71,-5,37,89,223,13,6,58,1
Cheers (Drink To That),Rihanna,43.069731,92,2011,80,91,58,-4,29,73,262,2,4,58,0
S&M Remix,Rihanna,43.069731,92,2011,128,81,82,-3,5,89,257,5,5,54,0
Written in the Stars (feat. Eric Turner),Tinie Tempah,0.777402,70,2011,91,95,64,-4,18,57,220,6,7,52,1
Jar of Hearts,Christina Perri,2.999315,75,2011,75,35,35,-6,12,9,247,73,3,50,1
Castle Walls (feat. Christina Aguilera),T.I.,3.764897,80,2011,80,86,45,-5,26,58,329,7,39,49,0
Turning Page,Sleeping At Last,1.087309,75,2011,125,38,30,-8,11,19,255,91,3,46,0
Super Bass,Nicki Minaj,21.512369,91,2011,127,74,77,-7,40,59,201,6,23,38,1
Raise Your Glass,P!nk,11.075481,87,2011,122,64,68,-7,12,56,208,0,12,38,1
Invading My Mind,Jennifer Lopez,10.075421,80,2011,129,88,73,-4,32,69,201,2,7,31,1
Moment 4 Life - Album Version (Edited),Nicki Minaj,21.512369,91,2011,130,88,50,-4,22,37,279,39,38,28,1
Last Friday Night (T.G.I.F.),Katy Perry,18.436129,87,2011,126,81,65,-4,67,72,231,0,4,27,1
Firework,Katy Perry,18.436129,87,2011,124,83,64,-5,11,65,228,14,5,25,1
Muny - Album Version (Edited),Nicki Minaj,21.512369,91,2011,98,72,80,-5,19,53,227,56,33,7,1
Titanium (feat. Sia),David Guetta,22.646855,92,2012,126,79,60,-4,13,30,245,7,10,80,1
Locked Out of Heaven,Bruno Mars,31.020064,93,2012,144,70,73,-4,31,87,233,5,4,79,0
Paradise,Coldplay,30.35125,90,2012,140,59,45,-7,8,20,279,5,3,79,0
Payphone,Maroon 5,31.08034,91,2012,110,75,74,-5,29,55,231,2,4,79,0
What Makes You Beautiful,One Direction,21.651775,90,2012,125,79,73,-2,6,89,200,1,7,78,0
I Knew You Were Trouble.,Taylor Swift,40.244006,96,2012,77,47,62,-7,3,68,220,0,4,77,0
Call Me Maybe,Carly Rae Jepsen,4.608822,76,2012,120,58,78,-7,11,66,193,1,4,76,0
Love You Like A Love Song,Selena Gomez & The Scene,6.54183,71,2012,117,68,86,-4,7,92,188,8,5,76,1
Set Fire to the Rain,Adele,27.446503,85,2012,108,68,61,-4,13,47,242,0,3,76,0
We Are Never Ever Getting Back Together,Taylor Swift,40.244006,96,2012,86,68,63,-6,12,75,193,1,9,75,0
Stronger (What Doesn't Kill You),Kelly Clarkson,7.700092,78,2012,116,94,56,-4,11,68,222,5,5,74,1
Try,P!nk,11.075481,87,2012,104,63,67,-7,9,55,248,0,3,74,1
Starships,Nicki Minaj,21.512369,91,2012,125,72,75,-2,25,75,211,14,8,73,1
One More Night,Maroon 5,31.08034,91,2012,93,82,72,-3,8,62,220,6,3,73,0
Good Time,Owl City,2.095268,74,2012,126,87,56,-4,37,68,206,2,14,73,0
Glad You Came,The Wanted,2.258,69,2012,127,85,72,-4,11,45,198,3,6,72,0
Beauty And A Beat,Justin Bieber,46.280515,97,2012,128,84,60,-5,7,53,228,0,6,72,0
International Love,Pitbull,8.451805,87,2012,120,86,67,-3,34,65,227,1,5,72,1
Some Nights,fun.,3.471253,72,2012,108,74,67,-7,9,39,277,2,5,72,0
Boyfriend,Justin Bieber,46.280515,97,2012,97,55,72,-6,13,33,171,4,5,71,0
Part Of Me,Katy Perry,18.436129,87,2012,130,92,68,-5,7,77,216,0,4,71,1
Domino,Jessie J,8.652796,76,2012,127,55,76,-5,4,78,232,1,3,69,0
Where Have You Been,Rihanna,43.069731,92,2012,128,85,72,-6,22,44,243,0,9,68,0
Wide Awake,Katy Perry,18.436129,87,2012,160,68,51,-5,39,57,221,7,4,68,1
The One That Got Away,Katy Perry,18.436129,87,2012,134,80,69,-4,16,88,227,0,4,67,1
Dance Again,Jennifer Lopez,10.075421,80,2012,128,86,79,-5,10,71,237,2,7,66,1
Turn Up the Music,Chris Brown,13.729034,91,2012,130,84,59,-6,16,64,228,0,10,65,1
Lights - Single Version,Ellie Goulding,9.519943,82,2012,120,80,68,-6,13,78,211,3,4,65,1
We Are Young (feat. Janelle Monáe),fun.,3.471253,72,2012,184,64,38,-6,8,74,251,2,8,63,0
Diamonds,Rihanna,43.069731,92,2012,92,71,56,-5,11,39,225,0,5,61,0
Don't Stop the Party (feat. TJR),Pitbull,8.451805,87,2012,127,96,72,-4,38,95,206,1,9,59,1
You Da One,Rihanna,43.069731,92,2012,127,72,70,-5,13,86,200,50,4,57,0
Stereo Hearts (feat. Adam Levine),Gym Class Heroes,1.25403,77,2012,90,80,65,-3,27,80,211,3,10,54,1
It Will Rain,Bruno Mars,31.020064,93,2012,150,84,58,-7,8,48,258,34,5,38,0
Blow Me (One Last Kiss),P!nk,11.075481,87,2012,114,92,60,-3,25,75,256,0,4,0,1
Underneath the Tree,Kelly Clarkson,7.700092,78,2013,160,81,51,-5,21,69,230,0,5,88,1
Wake Me Up,Avicii,19.871425,86,2013,124,78,53,-6,16,64,247,0,5,85,0
Story of My Life,One Direction,21.651775,90,2013,121,66,60,-6,12,29,245,23,5,81,0
Just Give Me a Reason (feat. Nate Ruess),P!nk,11.075481,87,2013,95,55,78,-7,13,44,243,35,5,81,1
Hall of Fame,The Script,6.637453,78,2013,85,87,42,-4,12,63,203,7,6,80,0
Roar,Katy Perry,18.436129,87,2013,180,77,55,-5,35,46,224,0,4,78,1
We Can't Stop,Miley Cyrus,15.244928,88,2013,80,62,61,-6,37,48,231,1,3,78,1
Don't You Worry Child - Radio Edit,Swedish House Mafia,3.286361,71,2013,129,84,61,-3,12,44,213,11,5,78,0
Get Lucky (feat. Pharrell Williams & Nile Rodgers) - Radio Edit,Daft Punk,7.826076,84,2013,116,81,79,-9,10,86,248,4,4,77,0
Wrecking Ball,Miley Cyrus,15.244928,88,2013,120,42,53,-6,11,35,221,41,3,77,1
Impossible,James Arthur,8.13336,85,2013,170,70,38,-5,11,30,209,14,9,77,0
Blurred Lines,Robin Thicke,1.731714,70,2013,120,60,85,-5,8,84,264,0,4,76,1
Heart Attack,Demi Lovato,19.917327,87,2013,174,79,50,-5,24,50,211,7,10,76,1
We Are Never Ever Getting Back Together,Taylor Swift,40.244006,96,2013,86,68,63,-6,12,75,193,1,9,75,0
Die Young,Kesha,6.410236,81,2013,128,70,71,-5,22,80,212,0,5,75,1
Clarity,Zedd,5.470647,81,2013,128,78,51,-3,7,18,271,4,7,75,0
Summertime Sadness (Lana Del Rey Vs. Cedric Gervais) - Cedric Gervais Remix,Lana Del Rey,13.151672,87,2013,126,81,57,-6,13,11,215,2,6,74,0
Under Control,Calvin Harris,21.722981,88,2013,126,92,54,-3,12,51,184,13,8,74,1
Everybody Talks,Neon Trees,1.037009,73,2013,155,92,47,-4,31,73,177,0,6,74,0
"Hold On, We're Going Home",Drake,55.050203,98,2013,100,41,77,-7,7,29,228,0,10,73,0
Best Song Ever,One Direction,21.651775,90,2013,118,88,65,-3,8,49,200,2,5,73,0
Kiss You,One Direction,21.651775,90,2013,90,93,63,-3,32,91,183,2,6,73,0
Sweet Nothing (feat. Florence Welch),Calvin Harris,21.722981,88,2013,128,93,57,-4,6,58,213,20,11,72,1
Lose Yourself to Dance,Daft Punk,7.826076,84,2013,100,66,83,-8,8,67,354,8,6,72,0
Work Bitch,Britney Spears,9.141552,85,2013,128,82,63,-7,7,85,248,16,16,71,1
Brave,Sara Bareilles,1.648595,73,2013,185,84,55,-4,4,76,221,1,5,71,0
Can't Hold Us (feat. Ray Dalton),Macklemore & Ryan Lewis,2.562858,78,2013,146,93,63,-4,10,88,258,3,8,70,1
Feel This Moment (feat. Christina Aguilera),Pitbull,8.451805,87,2013,136,76,67,-4,34,54,230,4,16,70,1
Beneath Your Beautiful,Labrinth,1.626765,82,2013,84,52,56,-6,10,23,272,23,4,70,0
Let Me Love You (Until You Learn To Love Yourself),Ne-Yo,6.131858,82,2013,125,68,66,-7,37,25,252,25,4,70,1
Thrift Shop (feat. Wanz),Macklemore & Ryan Lewis,2.562858,78,2013,95,53,78,-7,5,66,236,6,29,69,1
If I Lose Myself - Alesso vs OneRepublic,OneRepublic,11.875281,86,2013,126,75,52,-6,14,16,215,26,4,69,1
The Way,Ariana Grande,63.874004,96,2013,82,88,65,-3,8,86,227,29,11,68,1
Suit & Tie,Justin Timberlake,10.823572,84,2013,102,60,80,-4,16,36,326,10,22,68,1
#thatPOWER,will.i.am,3.424162,78,2013,128,61,80,-6,7,40,280,0,6,68,1
I Love It (feat. Charli XCX),Icona Pop,0.665107,71,2013,126,91,71,-3,15,82,157,1,3,67,0
Play Hard (feat. Ne-Yo & Akon) - New Edit,David Guetta,22.646855,92,2013,130,87,72,-3,66,68,209,4,4,67,1
Daylight,Maroon 5,31.08034,91,2013,120,67,66,-5,26,37,225,0,3,66,0
Love Somebody,Maroon 5,31.08034,91,2013,120,78,68,-6,12,40,230,13,4,65,0
A Little Party Never Killed Nobody (All We Got),Fergie,4.469315,74,2013,130,62,76,-6,9,52,241,1,18,65,1
Move,Little Mix,9.168795,85,2013,121,74,85,-5,55,77,224,0,9,63,1
Walks Like Rihanna,The Wanted,2.258,69,2013,126,82,56,-3,10,43,202,1,6,62,0
Rock N Roll,Avril Lavigne,7.31976,80,2013,184,96,47,-3,34,67,207,1,13,61,0
Heartbreaker,Justin Bieber,46.280515,97,2013,105,52,56,-7,34,58,263,14,10,61,0
Mirrors - Radio Edit,Justin Timberlake,10.823572,84,2013,77,60,58,-6,43,65,277,14,5,60,1
Next To Me,Emeli Sandé,2.04696,69,2013,95,80,67,-5,11,35,197,9,4,60,1
Made In The USA,Demi Lovato,19.917327,87,2013,87,86,58,-4,32,59,196,0,4,60,1
Clown,Emeli Sandé,2.04696,69,2013,130,23,45,-8,11,23,221,92,4,60,1
Girl On Fire (feat. Nicki Minaj) - Inferno Version,Alicia Keys,8.702335,82,2013,93,81,55,-6,15,34,271,9,31,59,0
TKO,Justin Timberlake,10.823572,84,2013,138,68,61,-7,43,49,424,1,24,58,1
Come & Get It,Selena Gomez,27.688948,88,2013,80,79,55,-4,10,58,232,1,5,57,1
Live It Up,Jennifer Lopez,10.075421,80,2013,128,73,69,-5,33,65,244,1,17,57,1
We Own The Night,The Wanted,2.258,69,2013,104,94,55,-4,23,56,206,1,13,56,0
Atlas - From The Hunger Games: Catching Fire Soundtrack,Coldplay,30.35125,90,2013,136,45,28,-8,11,11,236,63,3,55,0
What About Love,Austin Mahone,1.864282,64,2013,100,78,63,-7,4,28,203,0,4,54,1
Take Back the Night,Justin Timberlake,10.823572,84,2013,107,66,59,-5,64,33,353,4,16,54,1
Applause,Lady Gaga,17.68018,89,2013,140,78,67,-4,11,73,212,3,5,52,1
Anything Could Happen,Ellie Goulding,9.519943,82,2013,103,78,70,-4,14,38,286,43,3,52,1
Finally Found You,Enrique Iglesias,10.143558,80,2013,128,88,62,-5,35,66,221,1,10,52,1
Pom Poms,Jonas Brothers,5.291239,81,2013,148,98,68,-2,28,90,198,7,9,52,0
#Beautiful,Mariah Carey,6.735039,80,2013,107,76,68,-5,31,45,200,29,4,51,1
How Ya Doin'? (feat. Missy Elliott),Little Mix,9.168795,85,2013,201,95,36,-3,37,51,211,9,48,50,1
Crazy Kids (feat. will.i.am),Kesha,6.410236,81,2013,128,75,72,-4,13,50,229,4,4,46,1
"Ooh La La (from ""The Smurfs 2"")",Britney Spears,9.141552,85,2013,128,57,69,-5,11,73,257,2,5,45,1
People Like Us,Kelly Clarkson,7.700092,78,2013,128,79,60,-5,36,61,259,4,4,45,1
Overdose,Ciara,5.057199,75,2013,107,70,77,-6,6,79,227,1,3,43,1
Right Now - Dyro Radio Edit,Rihanna,43.069731,92,2013,130,74,53,-6,24,45,186,0,4,42,0
Give It 2 U,Robin Thicke,1.731714,70,2013,127,83,67,-4,16,58,230,10,7,41,1
Foolish Games,Jewel,0.531825,63,2013,132,34,51,-11,12,7,250,23,3,36,0
Outta Nowhere (feat. Danny Mercer),Pitbull,8.451805,87,2013,95,84,71,-4,21,66,207,16,3,35,1
Freak,Kelly Rowland,2.693098,71,2013,104,78,65,-5,12,45,274,13,6,28,0
All of Me,John Legend,5.685486,82,2014,120,26,42,-7,13,33,270,92,3,86,0
Stay With Me,Sam Smith,16.598527,87,2014,84,42,42,-6,11,18,173,59,4,85,0
Summer,Calvin Harris,21.722981,88,2014,128,86,60,-4,14,74,223,2,3,80,1
"Happy - From ""Despicable Me 2""",Pharrell Williams,3.561561,82,2014,160,82,65,-5,9,96,233,22,18,79,1
Rude,MAGIC!,1.216064,72,2014,144,76,77,-5,31,93,225,4,4,79,0
Shake It Off,Taylor Swift,40.244006,96,2014,160,80,65,-5,33,94,219,6,17,78,0
Dark Horse,Katy Perry,18.436129,87,2014,132,59,65,-6,17,35,216,0,5,78,1
Hey Brother,Avicii,19.871425,86,2014,125,78,55,-5,8,46,255,3,4,78,0
Maps,Maroon 5,31.08034,91,2014,120,71,74,-6,6,88,190,2,3,78,0
Treasure,Bruno Mars,31.020064,93,2014,116,69,87,-5,32,94,179,4,4,77,0
Let Her Go,Passenger,2.792085,76,2014,75,54,51,-7,10,24,253,39,6,77,0
Problem,Ariana Grande,63.874004,96,2014,103,81,66,-5,16,63,194,2,15,75,1
Pompeii,Bastille,4.747031,80,2014,127,72,68,-6,27,57,214,8,4,73,0
Team,Lorde,7.725297,81,2014,100,58,69,-7,31,42,193,17,9,73,0
Love Me Again,John Newman,0.643413,71,2014,126,89,50,-5,10,21,240,0,4,73,0
Latch,Disclosure,1.923565,79,2014,122,73,50,-5,9,52,256,2,17,72,0
Adore You,Miley Cyrus,15.244928,88,2014,120,66,58,-5,11,20,279,11,3,72,1
Love Never Felt So Good,Michael Jackson,18.638995,85,2014,118,72,78,-6,7,71,246,13,4,71,0
Burn,Ellie Goulding,9.519943,82,2014,87,78,56,-5,11,33,231,31,4,71,1
She Looks So Perfect,5 Seconds of Summer,7.553357,84,2014,160,95,49,-4,33,44,202,0,13,71,0
Fancy,Iggy Azalea,5.540755,76,2014,95,72,91,-4,5,38,200,9,7,70,0
Talk Dirty (feat. 2 Chainz),Jason Derulo,9.450529,87,2014,100,65,76,-7,31,76,178,3,23,68,1
Gorilla,Bruno Mars,31.020064,93,2014,140,54,72,-7,10,64,244,45,4,68,0
human,Christina Perri,2.999315,75,2014,144,49,44,-6,11,25,251,13,4,68,1
Young Girls,Bruno Mars,31.020064,93,2014,126,75,56,-5,21,50,229,46,3,67,0
Wiggle (feat. Snoop Dogg),Jason Derulo,9.450529,87,2014,82,62,70,-7,16,72,193,8,25,67,1
Love Runs Out,OneRepublic,11.875281,86,2014,120,93,72,-4,8,74,225,17,6,66,1
This Is How We Do,Katy Perry,18.436129,87,2014,96,64,69,-6,15,80,204,2,5,66,1
Mmm Yeah (feat. Pitbull),Austin Mahone,1.864282,64,2014,126,92,71,-4,27,98,232,0,4,65,1
A Little Party Never Killed Nobody (All We Got),Fergie,4.469315,74,2014,130,62,76,-6,9,52,241,1,18,65,1
#SELFIE,The Chainsmokers,17.947446,85,2014,128,92,79,-3,8,66,184,1,25,65,0
Partition,Beyoncé,27.615669,88,2014,186,44,41,-12,31,17,319,3,29,65,1
Birthday,Katy Perry,18.436129,87,2014,126,67,72,-5,11,84,215,9,7,65,1
G.U.Y.,Lady Gaga,17.68018,89,2014,110,92,62,-3,12,57,233,1,4,65,1
Stay The Night - Featuring Hayley Williams Of Paramore,Zedd,5.470647,81,2014,128,74,60,-3,9,46,217,11,4,64,0
"Let It Go - From ""Frozen / Single Version",Demi Lovato,19.917327,87,2014,140,66,50,-6,27,25,226,3,4,63,1
Wings,Birdy,3.268907,75,2014,83,71,47,-5,16,22,252,8,3,62,0
Can't Remember to Forget You (feat. Rihanna),Shakira,21.772872,87,2014,138,81,69,-4,14,82,207,12,7,62,0
Shot Me Down (feat. Skylar Grey) - Radio Edit,David Guetta,22.646855,92,2014,192,77,35,-4,12,4,191,6,5,61,1
Say Something,A Great Big World,0.457126,68,2014,138,15,45,-9,9,9,229,87,3,61,0
A Sky Full of Stars,Coldplay,30.35125,90,2014,125,68,55,-6,21,16,268,1,3,60,0
Come Get It Bae,Pharrell Williams,3.561561,82,2014,120,80,93,-6,10,90,202,27,8,59,1
Chandelier,Sia,19.864983,89,2014,174,78,29,-3,7,62,216,2,7,56,0
XO,Beyoncé,27.615669,88,2014,170,79,47,-9,31,21,216,17,26,56,1
We Are One (Ole Ola) [The Official 2014 FIFA World Cup Song],Pitbull,8.451805,87,2014,125,94,60,-4,10,55,222,0,7,56,1
Not About Angels,Birdy,3.268907,75,2014,116,14,41,-10,9,23,190,97,4,56,0
Drunk in Love,Beyoncé,27.615669,88,2014,140,62,59,-7,18,40,323,1,5,52,1
Anaconda,Nicki Minaj,21.512369,91,2014,130,60,96,-6,21,65,260,7,18,50,1
Boom Clap - From the Motion Picture Das Schicksal ist ein mieser Verräter,Charli XCX,2.338976,78,2014,92,81,68,-4,34,64,169,7,6,50,0
La La La (Brasil 2014) (feat. Carlinhos Brown),Shakira,21.772872,87,2014,128,82,80,-5,35,61,198,18,4,50,0
Tee Shirt - Soundtrack Version,Birdy,3.268907,75,2014,76,34,68,-9,9,56,160,84,3,49,0
Words as Weapons,Birdy,3.268907,75,2014,120,35,53,-9,14,19,239,28,3,44,0
You're Mine (Eternal),Mariah Carey,6.735039,80,2014,149,58,63,-7,38,56,224,28,7,38,1
Sheezus,Lily Allen,1.726958,72,2014,130,50,78,-7,11,39,235,15,4,37,1
Cannonball,Lea Michele,0.457912,56,2014,92,82,56,-3,19,57,215,2,5,37,0
It's On Again - Main Soundtrack,Alicia Keys,8.702335,82,2014,110,54,64,-9,25,53,230,10,11,30,0
I Luh Ya Papi,Jennifer Lopez,10.075421,80,2014,96,73,74,-6,12,59,207,45,42,28,1
Not a Bad Thing,Justin Timberlake,10.823572,84,2014,86,73,59,-6,38,46,266,27,6,0,1
Thinking out Loud,Ed Sheeran,80.746303,92,2015,79,45,78,-6,18,59,282,47,3,84,0
I'm Not The Only One,Sam Smith,16.598527,87,2015,82,49,68,-6,8,49,239,53,4,84,0
The Hills,The Weeknd,32.995332,96,2015,113,56,58,-7,14,14,242,7,5,84,0
Love Yourself,Justin Bieber,46.280515,97,2015,100,38,61,-10,28,52,234,84,44,83,0
Uptown Funk,Mark Ronson,0.909863,80,2015,115,61,86,-7,3,93,270,1,8,82,1
Take Me To Church,Hozier,4.685335,81,2015,129,66,57,-5,12,44,242,63,5,81,0
Sugar,Maroon 5,31.08034,91,2015,120,79,75,-7,9,88,235,6,3,81,0
Sorry,Justin Bieber,46.280515,97,2015,100,76,65,-4,30,41,201,8,5,81,0
FourFiveSeconds,Rihanna,43.069731,92,2015,206,27,58,-6,13,35,188,88,5,80,0
"Love Me Like You Do - From ""Fifty Shades Of Grey""",Ellie Goulding,9.519943,82,2015,190,61,26,-7,13,28,253,25,5,79,1
"Earned It (Fifty Shades Of Grey) - From The ""Fifty Shades Of Grey"" Soundtrack",The Weeknd,32.995332,96,2015,120,38,66,-6,10,44,252,39,3,79,0
What Do You Mean?,Justin Bieber,46.280515,97,2015,125,57,85,-8,8,79,206,59,10,79,0
Stitches,Shawn Mendes,33.064325,88,2015,150,75,75,-7,5,76,207,2,7,78,0
Want to Want Me,Jason Derulo,9.450529,87,2015,114,68,78,-6,11,66,208,1,6,77,1
My House,Flo Rida,8.090245,83,2015,94,70,69,-5,13,74,192,2,5,77,1
Waves - Robin Schulz Radio Edit,Mr. Probz,0.309892,71,2015,120,51,83,-9,8,45,208,1,4,77,0
Night Changes,One Direction,21.651775,90,2015,120,52,67,-8,12,37,227,86,4,77,0
How Deep Is Your Love,Calvin Harris,21.722981,88,2015,122,87,74,-4,39,34,213,4,7,77,1
Never Forget You,Zara Larsson,8.839243,82,2015,146,73,58,-6,27,28,213,0,5,77,1
Love Me Harder,Ariana Grande,63.874004,96,2015,99,71,47,-4,8,24,236,1,3,76,1
Animals,Maroon 5,31.08034,91,2015,190,74,28,-6,59,33,231,0,9,76,0
Blame,Calvin Harris,21.722981,88,2015,128,86,41,-4,34,35,213,3,8,76,1
Worth It,Fifth Harmony,12.761658,75,2015,100,77,88,-4,12,59,225,6,9,75,1
Break Free,Ariana Grande,63.874004,96,2015,130,70,69,-5,20,28,215,1,5,75,1
Don't,Ed Sheeran,80.746303,92,2015,95,61,81,-7,64,85,220,1,7,74,0
Elastic Heart,Sia,19.864983,89,2015,130,79,42,-5,15,50,257,1,5,73,0
Rather Be (feat. Jess Glynne),Clean Bandit,4.362003,81,2015,121,59,80,-7,19,55,228,16,4,73,1
Hello,Adele,27.446503,85,2015,158,45,48,-6,9,29,295,34,3,73,0
Dear Future Husband,Meghan Trainor,10.446527,80,2015,79,78,66,-5,32,83,184,38,19,72,1
43776,Beyoncé,27.615669,88,2015,136,71,75,-5,13,56,214,1,13,72,1
The Heart Wants What It Wants,Selena Gomez,27.688948,88,2015,83,79,62,-5,14,62,227,5,4,72,1
"Hey Mama (feat. Nicki Minaj, Bebe Rexha & Afrojack)",David Guetta,22.646855,92,2015,86,73,60,-4,33,53,193,24,15,72,1
Genie In a Bottle,Christina Aguilera,6.153648,82,2015,176,80,63,-7,14,91,218,21,16,72,1
Company,Justin Bieber,46.280515,97,2015,95,80,59,-5,8,43,208,13,6,72,0
Sing,Ed Sheeran,80.746303,92,2015,120,67,82,-4,6,94,235,30,5,71,0
Jealous - Remix,Nick Jonas,7.381259,74,2015,93,71,68,-4,44,45,222,1,8,70,1
Really Don't Care,Demi Lovato,19.917327,87,2015,121,73,71,-4,19,85,202,12,9,70,1
"Downtown (feat. Melle Mel, Grandmaster Caz, Kool Moe Dee & Eric Nally)",Macklemore & Ryan Lewis,2.562858,78,2015,110,61,83,-4,29,71,293,9,7,70,1
Only Love Can Hurt Like This,Paloma Faith,0.938407,66,2015,91,89,57,-5,33,31,233,10,8,69,0
Heartbeat Song,Kelly Clarkson,7.700092,78,2015,149,80,49,-4,6,48,199,1,5,69,1
Up,Olly Murs,2.981421,71,2015,115,85,69,-5,10,64,224,2,3,69,1
Trumpets,Jason Derulo,9.450529,87,2015,82,70,63,-5,10,64,217,56,24,69,1
Runnin' (Lose It All),Naughty Boy,0.303518,66,2015,139,85,32,-6,48,8,213,1,8,69,0
Same Old Love,Selena Gomez,27.688948,88,2015,98,59,67,-4,21,44,229,2,3,69,1
I Want You To Know,Zedd,5.470647,81,2015,130,85,58,-3,14,37,240,1,6,68,0
Lips Are Movin,Meghan Trainor,10.446527,80,2015,139,83,78,-5,11,95,183,5,5,68,1
I'll Show You,Justin Bieber,46.280515,97,2015,192,61,36,-7,18,8,200,5,10,68,0
Here,Alessia Cara,8.942252,80,2015,120,82,38,-4,8,33,199,8,10,68,0
I Lived,OneRepublic,11.875281,86,2015,120,85,59,-5,27,34,235,7,4,67,1
Fireball (feat. John Ryan),Pitbull,8.451805,87,2015,123,94,69,-5,5,79,235,9,6,67,1
Easy Love,Sigala,1.281016,78,2015,124,94,68,-4,12,65,230,18,6,67,1
The Feeling,Justin Bieber,46.280515,97,2015,127,81,53,-6,10,21,245,8,6,67,0
I Really Like You,Carly Rae Jepsen,4.608822,76,2015,122,81,62,-5,22,60,205,1,4,66,0
BO$$,Fifth Harmony,12.761658,75,2015,103,87,81,-5,5,74,171,1,11,66,1
Sugar,Maroon 5,31.08034,91,2015,120,79,75,-7,9,88,235,6,3,66,0
Focus,Ariana Grande,63.874004,96,2015,100,88,67,-6,44,79,211,27,24,66,1
All About That Bass,Meghan Trainor,10.446527,80,2015,134,88,81,-4,11,96,189,5,5,65,1
On My Mind,Ellie Goulding,9.519943,82,2015,155,71,70,-7,9,74,213,26,5,65,1
Love Me Like You,Little Mix,9.168795,85,2015,106,67,79,-4,28,85,198,21,4,65,1
Broken Arrows,Avicii,19.871425,86,2015,116,67,63,-7,10,29,233,5,5,65,0
Booty,Jennifer Lopez,10.075421,80,2015,129,95,71,-4,26,40,210,0,5,64,1
What Do You Mean? - Acoustic,Justin Bieber,46.280515,97,2015,125,36,77,-11,10,76,204,79,4,64,0
Mark My Words,Justin Bieber,46.280515,97,2015,114,26,38,-9,17,52,134,88,3,63,0
Lay It All on Me,Rudimental,1.275555,76,2015,123,75,67,-7,19,48,242,14,4,62,1
American Oxygen,Rihanna,43.069731,92,2015,78,75,39,-6,33,48,320,5,9,61,0
Bang Bang,Jessie J,8.652796,76,2015,150,75,71,-4,38,73,199,27,9,61,0
Reality - Radio Edit,Lost Frequencies,2.155972,79,2015,122,70,71,-8,7,60,159,2,3,61,0
Alive,Sia,19.864983,89,2015,100,76,51,-4,11,44,264,25,5,61,0
Sugar (feat. Francesco Yates),Robin Schulz,2.738676,84,2015,123,82,64,-5,16,64,219,2,6,60,1
Been You,Justin Bieber,46.280515,97,2015,113,78,74,-6,32,86,199,2,7,60,0
Prayer in C - Robin Schulz Radio Edit,Lilly Wood and The Prick,0.227376,66,2015,123,89,76,-5,62,78,189,2,3,58,0
See You Again (feat. Charlie Puth),Wiz Khalifa,9.994432,88,2015,80,48,69,-8,6,28,230,37,8,56,0
Heroes (we could be),Alesso,3.629969,80,2015,126,75,52,-4,24,35,210,4,6,56,0
"Feel The Light - From The ""Home"" Soundtrack",Jennifer Lopez,10.075421,80,2015,156,60,47,-6,9,4,292,33,5,55,1
Perfect,One Direction,21.651775,90,2015,100,82,65,-5,12,40,230,6,8,55,0
Ghosttown,Madonna,5.107588,81,2015,79,55,54,-7,12,9,250,4,4,54,1
Bang My Head (feat. Sia & Fetty Wap),David Guetta,22.646855,92,2015,108,87,60,-4,10,59,193,5,8,54,1
Bloodstream,Ed Sheeran,80.746303,92,2015,89,59,48,-6,6,27,309,20,5,52,0
Living For Love,Madonna,5.107588,81,2015,123,79,67,-5,25,39,219,4,9,52,1
Baby Don't Lie,Gwen Stefani,4.699976,77,2015,100,55,69,-5,10,26,203,1,3,52,1
Don't Be so Hard on Yourself,Jess Glynne,2.513078,79,2015,120,82,57,-3,16,66,211,6,3,52,1
Steal My Girl,One Direction,21.651775,90,2015,77,76,47,-6,14,52,227,0,4,51,0
"Celebrate (From the Original Motion Picture ""Penguins of Madagascar"")",Pitbull,8.451805,87,2015,127,85,68,-3,6,93,193,1,6,50,1
We Are Here,Alicia Keys,8.702335,82,2015,93,67,64,-6,8,8,285,43,4,49,0
St Jude,Florence + The Machine,5.581325,78,2015,117,43,26,-11,11,9,225,75,3,47,0
Yesterday (feat. Bebe Rexha),David Guetta,22.646855,92,2015,128,78,57,-4,33,28,243,2,3,46,1
Time of Our Lives,Pitbull,8.451805,87,2015,124,80,72,-6,69,72,229,9,6,45,1
Sparks,Hilary Duff,1.848973,60,2015,122,88,85,-5,10,79,186,4,6,44,1
Mr. Put It Down,Ricky Martin,5.91552,79,2015,128,78,80,-6,4,83,196,1,18,42,1
Legendary Lovers,Katy Perry,18.436129,87,2015,126,84,62,-5,8,39,224,2,8,41,1
Spark The Fire,Gwen Stefani,4.699976,77,2015,120,80,88,-4,20,54,202,8,6,39,1
Run Run Run,Kelly Clarkson,7.700092,78,2015,112,37,28,-7,11,8,273,45,4,36,1
Let Me Be Your Lover,Enrique Iglesias,10.143558,80,2015,112,90,72,-4,6,88,238,1,13,34,1
Dangerous,Jennifer Hudson,1.31004,63,2015,109,53,90,-5,8,65,255,0,5,18,1
L.A.LOVE (la la),Fergie,4.469315,74,2015,202,39,48,-8,26,27,193,2,9,0,1
The Hills,The Weeknd,32.995332,96,2016,113,56,58,-7,14,14,242,7,5,84,0
Love Yourself,Justin Bieber,46.280515,97,2016,100,38,61,-10,28,52,234,84,44,83,0
Cake By The Ocean,DNCE,3.744892,71,2016,119,75,77,-5,4,90,219,15,5,81,1
Don't Let Me Down,The Chainsmokers,17.947446,85,2016,160,87,53,-5,14,42,208,16,17,81,0
In the Name of Love,Martin Garrix,14.724348,83,2016,134,52,50,-6,45,17,196,11,4,81,0
Into You,Ariana Grande,63.874004,96,2016,108,73,62,-6,14,37,244,2,11,80,1
This Is What You Came For,Calvin Harris,21.722981,88,2016,124,93,63,-3,15,47,222,20,3,80,1
Million Reasons,Lady Gaga,17.68018,89,2016,130,42,67,-8,11,15,205,49,4,80,1
Needed Me,Rihanna,43.069731,92,2016,111,31,67,-8,8,30,192,11,24,80,0
7 Years,Lukas Graham,1.811463,77,2016,120,47,77,-6,39,34,237,29,5,80,0
"CAN'T STOP THE FEELING! (Original Song from DreamWorks Animation's ""TROLLS"")",Justin Timberlake,10.823572,84,2016,113,83,67,-6,19,70,236,1,7,79,1
Work from Home (feat. Ty Dolla $ign),Fifth Harmony,12.761658,75,2016,105,59,80,-6,6,59,214,10,4,79,1
Scars To Your Beautiful,Alessia Cara,8.942252,80,2016,97,74,57,-6,11,45,230,3,13,79,0
Like I'm Gonna Lose You (feat. John Legend),Meghan Trainor,10.446527,80,2016,108,53,63,-7,18,42,225,40,4,79,1
Work,Rihanna,43.069731,92,2016,92,53,73,-6,9,56,219,8,9,78,0
Stitches,Shawn Mendes,33.064325,88,2016,150,75,75,-7,5,76,207,2,7,78,0
"Me, Myself & I",G-Eazy,4.847216,83,2016,112,67,76,-7,16,38,251,2,10,78,0
I Took A Pill In Ibiza - Seeb Remix,Mike Posner,1.153346,77,2016,102,71,66,-7,8,69,198,4,11,78,1
Dangerous Woman,Ariana Grande,63.874004,96,2016,134,60,66,-5,36,29,236,5,4,78,1
Starving,Hailee Steinfeld,6.805027,78,2016,100,62,73,-4,11,51,182,38,6,78,1
Shout Out to My Ex,Little Mix,9.168795,85,2016,126,75,77,-4,11,80,246,2,9,77,1
Electric Love,BØRNS,1.009555,74,2016,120,80,61,-8,26,52,218,1,5,76,0
Confident,Demi Lovato,19.917327,87,2016,130,75,59,-6,9,34,206,0,7,75,1
Too Good,Drake,55.050203,98,2016,118,65,79,-8,10,39,263,5,10,74,0
Roses,The Chainsmokers,17.947446,85,2016,100,80,71,-7,31,34,227,4,6,74,0
Cold Water (feat. Justin Bieber & MØ),Major Lazer,6.204669,82,2016,93,80,61,-5,16,50,185,7,4,73,1
Me Too,Meghan Trainor,10.446527,80,2016,124,69,93,-6,48,84,181,10,10,73,1
Light It Up (feat. Nyla & Fuse ODG) [Remix],Major Lazer,6.204669,82,2016,108,88,75,-4,23,75,166,4,7,73,1
Ain't Your Mama,Jennifer Lopez,10.075421,80,2016,120,68,76,-6,7,82,218,5,23,72,1
Close,Nick Jonas,7.381259,74,2016,124,62,65,-5,14,40,234,25,8,72,1
Toothbrush,DNCE,3.744892,71,2016,105,79,55,-6,47,82,232,12,13,72,1
All We Know,The Chainsmokers,17.947446,85,2016,90,59,66,-9,12,30,194,10,3,72,0
Final Song,MØ,10.823572,85,2016,105,67,70,-6,8,25,236,1,3,72,1
Company,Justin Bieber,46.280515,97,2016,95,80,59,-5,8,43,208,13,6,72,0
Hands To Myself,Selena Gomez,27.688948,88,2016,111,50,81,-7,34,47,201,1,12,71,1
All I Ask,Adele,27.446503,85,2016,142,28,59,-5,15,34,272,88,3,71,0
"Just Like Fire (From the Original Motion Picture ""Alice Through The Looking Glass"")",P!nk,11.075481,87,2016,163,70,63,-6,11,50,215,1,15,71,1
NO,Meghan Trainor,10.446527,80,2016,92,80,56,-4,74,65,214,1,22,70,1
Kill Em With Kindness,Selena Gomez,27.688948,88,2016,120,88,76,-5,10,40,218,1,4,70,1
Cool Girl,Tove Lo,2.767132,80,2016,102,69,67,-7,8,20,199,31,11,69,1
Runnin' (Lose It All),Naughty Boy,0.303518,66,2016,139,85,32,-6,48,8,213,1,8,69,0
Here,Alessia Cara,8.942252,80,2016,120,82,38,-4,8,33,199,8,10,68,0
Perfect Illusion,Lady Gaga,17.68018,89,2016,125,86,61,-5,36,66,182,0,4,67,1
PILLOWTALK,ZAYN,15.977325,83,2016,125,70,59,-4,9,43,204,10,5,66,1
Out Of The Woods,Taylor Swift,40.244006,96,2016,92,84,55,-7,34,34,236,0,4,66,0
Rise,Katy Perry,18.436129,87,2016,101,64,55,-6,11,44,203,5,5,66,1
Wherever I Go,OneRepublic,11.875281,86,2016,100,69,55,-6,27,35,170,9,4,66,1
Body Say,Demi Lovato,19.917327,87,2016,87,74,63,-5,28,26,194,0,4,65,1
Don't Be A Fool,Shawn Mendes,33.064325,88,2016,175,34,47,-6,10,27,216,60,4,65,0
LIKE I WOULD,ZAYN,15.977325,83,2016,113,83,56,-6,26,23,192,2,11,65,1
Cheap Thrills,Sia,19.864983,89,2016,90,80,59,-5,8,73,225,6,22,64,0
I Got You,Bebe Rexha,6.431301,84,2016,98,89,61,-5,9,32,192,5,5,64,1
Run Away With Me,Carly Rae Jepsen,4.608822,76,2016,119,72,56,-6,5,25,251,1,5,63,0
Cruel (feat. ZAYN),Snakehips,0.332217,69,2016,110,88,60,-4,16,32,228,2,12,63,1
Send My Love (To Your New Lover),Adele,27.446503,85,2016,164,52,69,-8,17,56,223,4,10,61,0
WTF (Where They From),Missy Elliott,1.667886,76,2016,120,82,93,-3,6,56,193,2,20,58,1
Desire,Years & Years,1.653142,75,2016,126,78,71,-5,30,64,203,30,6,58,1
When We Were Young,Adele,27.446503,85,2016,144,59,38,-6,9,27,291,35,5,58,0
I Know What You Did Last Summer,Shawn Mendes,33.064325,88,2016,114,77,68,-5,16,72,224,11,10,57,0
Wish That You Were Here - From Miss Peregrines Home for Peculiar Children Original Motion Picture,Florence + The Machine,5.581325,78,2016,94,57,37,-6,13,12,403,72,3,57,0
Hurts,Emeli Sandé,2.04696,69,2016,106,64,58,-8,15,18,238,2,3,57,1
Change,Christina Aguilera,6.153648,82,2016,82,54,62,-6,13,20,187,68,8,54,1
Make Me... (feat. G-Eazy),Britney Spears,9.141552,85,2016,123,70,70,-7,22,58,231,16,10,53,1
Keeping Your Head Up,Birdy,3.268907,75,2016,122,78,60,-5,19,53,208,16,5,52,0
True Colors,Zedd,5.470647,81,2016,126,79,57,-3,10,49,225,40,4,51,0
Make Me Like You,Gwen Stefani,4.699976,77,2016,118,71,74,-5,13,80,217,4,5,50,1
Champagne Problems,Nick Jonas,7.381259,74,2016,108,78,73,-5,9,64,193,0,13,50,1
Blown,DNCE,3.744892,71,2016,130,95,63,-5,10,73,197,0,4,48,1
Start,John Legend,5.685486,82,2016,110,4,52,-15,9,26,310,99,4,47,0
Pep Rally,Missy Elliott,1.667886,76,2016,90,75,83,-4,20,32,263,22,12,47,1
Higher,Carly Rae Jepsen,4.608822,76,2016,114,87,65,-5,37,44,234,1,6,46,0
Invitation,Britney Spears,9.141552,85,2016,112,65,37,-7,9,16,200,3,11,44,1
One Call Away (feat. Tyga) - Remix,Charlie Puth,13.204497,83,2016,91,69,75,-5,13,52,192,26,4,41,1
Beautiful Birds (feat. Birdy),Passenger,2.792085,76,2016,86,17,39,-13,11,14,214,91,3,36,0
Little Lies,Hilary Duff,1.848973,60,2016,124,76,57,-6,4,40,204,0,6,36,1
Do You Wanna Come Over?,Britney Spears,9.141552,85,2016,121,70,75,-6,11,45,203,1,7,34,1
BURNITUP!,Janet Jackson,2.547445,71,2016,123,71,83,-7,31,83,250,5,18,31,1
Picky - Remix,Joey Montana,2.233481,66,2016,186,81,70,-3,37,69,225,9,7,29,0
Behind Your Back,Nelly Furtado,2.595824,79,2016,98,47,80,-10,7,69,228,25,4,18,0
Shape of You,Ed Sheeran,80.746303,92,2017,96,65,83,-3,9,93,234,58,8,87,0
Closer,The Chainsmokers,17.947446,85,2017,95,52,75,-6,11,66,245,41,3,86,0
Starboy,The Weeknd,32.995332,96,2017,186,59,68,-7,14,49,230,14,28,85,0
Treat You Better,Shawn Mendes,33.064325,88,2017,83,82,44,-4,11,75,188,11,34,84,0
That's What I Like,Bruno Mars,31.020064,93,2017,134,56,85,-5,9,86,207,1,4,83,0
Let Me Love You,DJ Snake,7.355824,82,2017,100,72,65,-5,14,16,206,9,3,82,0
I Feel It Coming,The Weeknd,32.995332,96,2017,93,82,77,-6,7,59,269,43,12,81,0
Mercy,Shawn Mendes,33.064325,88,2017,148,66,56,-5,11,36,209,13,8,81,0
Side To Side,Ariana Grande,63.874004,96,2017,159,74,65,-6,24,61,226,5,23,80,1
Stay,Zedd,5.470647,81,2017,102,62,69,-5,12,54,210,25,6,80,0
It Ain't Me (with Selena Gomez),Kygo,7.470972,86,2017,100,53,64,-7,9,52,221,12,7,79,0
Malibu,Miley Cyrus,15.244928,88,2017,140,78,57,-6,8,34,232,8,6,78,1
Something Just Like This,The Chainsmokers,17.947446,85,2017,103,65,61,-7,17,51,248,3,4,78,0
Rockabye (feat. Sean Paul & Anne-Marie),Clean Bandit,4.362003,81,2017,102,76,72,-4,18,74,251,41,5,78,1
I Dont Wanna Live Forever (Fifty Shades Darker),ZAYN,15.977325,83,2017,118,45,74,-8,33,9,245,6,6,78,1
My Way,Calvin Harris,21.722981,88,2017,120,91,82,-3,16,54,219,9,4,78,1
"I'm the One (feat. Justin Bieber, Quavo, Chance the Rapper & Lil Wayne)",DJ Khaled,6.121763,86,2017,81,67,61,-4,17,81,289,6,4,77,1
Praying,Kesha,6.410236,81,2017,73,39,58,-7,11,32,230,49,3,77,1
Despacito - Remix,Luis Fonsi,9.4398,81,2017,178,82,65,-4,10,82,229,23,17,76,0
The Greatest,Sia,19.864983,89,2017,192,73,67,-6,6,73,210,1,27,76,0
There for You,Martin Garrix,14.724348,83,2017,106,64,61,-8,12,13,222,12,6,76,0
Paris,The Chainsmokers,17.947446,85,2017,100,64,65,-7,9,25,222,2,3,76,0
Crying in the Club,Camila Cabello,21.833505,84,2017,85,62,33,-6,16,60,216,33,38,75,1
Mama,Jonas Blue,3.254372,81,2017,104,79,74,-4,5,57,184,10,4,75,1
Slide (feat. Frank Ocean & Migos),Calvin Harris,21.722981,88,2017,104,80,74,-3,25,51,231,50,5,75,1
Swish Swish,Katy Perry,18.436129,87,2017,120,71,84,-5,10,57,243,2,4,73,1
Chained To The Rhythm,Katy Perry,18.436129,87,2017,190,80,45,-5,20,47,238,8,17,72,1
Cold (feat. Future),Maroon 5,31.08034,91,2017,100,72,69,-6,5,41,234,14,11,72,0
Love,Lana Del Rey,13.151672,87,2017,99,37,53,-11,11,23,273,49,3,72,0
Reggaetón Lento (Remix),CNCO,7.740793,77,2017,94,91,53,-3,10,62,189,15,9,71,0
All I Ask,Adele,27.446503,85,2017,142,28,59,-5,15,34,272,88,3,71,0
First Time,Kygo,7.470972,86,2017,90,59,63,-7,10,68,194,20,11,71,0
The Cure,Lady Gaga,17.68018,89,2017,100,51,70,-5,9,52,211,8,3,71,1
"How Far I'll Go - From ""Moana""",Alessia Cara,8.942252,80,2017,181,54,31,-10,7,16,176,16,35,71,0
Bodak Yellow,Cardi B,16.505769,89,2017,125,72,93,-6,35,46,224,7,11,70,0
Rich Love (with Seeb),OneRepublic,11.875281,86,2017,105,87,40,-4,36,47,201,17,31,70,1
Tired,Alan Walker,28.821584,85,2017,124,88,69,-4,15,49,192,4,6,70,0
Came Here for Love,Sigala,1.281016,78,2017,125,87,71,-3,12,72,203,3,4,70,1
24K Magic,Bruno Mars,31.020064,93,2017,107,80,82,-4,15,63,226,3,8,69,0
Strip That Down (feat. Quavo),Liam Payne,7.763108,74,2017,106,50,87,-5,8,55,202,20,5,69,1
Cut To The Feeling,Carly Rae Jepsen,4.608822,76,2017,115,91,71,-3,30,65,208,1,6,69,0
OK - Spotify Version,Robin Schulz,2.738676,84,2017,122,81,65,-6,13,58,189,12,6,69,1
Bon appétit,Katy Perry,18.436129,87,2017,106,79,80,-6,22,52,228,13,6,68,1
Summer Bummer (feat. A$AP Rocky & Playboi Carti),Lana Del Rey,13.151672,87,2017,135,57,76,-9,20,14,261,2,13,67,0
Get Low (with Liam Payne),Zedd,5.470647,81,2017,108,93,72,-4,5,54,205,3,5,66,0
Kissing Strangers,DNCE,3.744892,71,2017,120,74,77,-6,9,86,202,5,4,66,1
Slow Hands,Niall Horan,7.33006,83,2017,86,42,74,-7,6,85,188,1,5,64,1
Younger Now,Miley Cyrus,15.244928,88,2017,122,87,55,-5,14,33,249,0,6,62,1
Body Moves,DNCE,3.744892,71,2017,102,69,65,-5,4,86,236,0,4,62,1
Reality (feat. Janieck Devy) - Radio Edit,Lost Frequencies,2.155972,79,2017,122,64,73,-7,8,53,158,2,4,59,0
Angel,Fifth Harmony,12.761658,75,2017,124,53,74,-6,35,13,189,0,4,59,1
Touch (feat. Kid Ink),Little Mix,9.168795,85,2017,102,75,64,-4,49,53,203,4,11,59,1
We Don't Talk Anymore - DROELOE Remix,Charlie Puth,13.204497,83,2017,100,82,70,-5,45,67,218,49,22,59,1
Love Incredible (feat. Camila Cabello),Cashmere Cat,0.310759,61,2017,167,50,37,-9,20,21,180,6,12,59,0
No Vacancy (with Sebastián Yatra),OneRepublic,11.875281,86,2017,100,76,69,-4,14,59,223,8,4,57,1
Rich Boy,Galantis,3.096244,81,2017,110,90,74,-2,8,65,184,7,5,55,0
Lust for Life (with The Weeknd),Lana Del Rey,13.151672,87,2017,100,67,51,-9,36,27,264,58,6,54,0
Greenlight (feat. Flo Rida & LunchMoney Lewis),Pitbull,8.451805,87,2017,115,83,70,-6,36,63,245,28,27,54,1
Influence,Tove Lo,2.767132,80,2017,105,59,77,-10,11,33,225,10,5,54,1
Remember I Told You,Nick Jonas,7.381259,74,2017,113,53,68,-6,4,84,202,14,28,53,1
Messin' Around,Pitbull,8.451805,87,2017,158,81,57,-5,4,78,223,2,5,51,1
Water Under the Bridge,Adele,27.446503,85,2017,95,84,60,-7,11,47,240,2,7,49,0
Free Me,Sia,19.864983,89,2017,87,46,27,-4,14,21,286,85,3,44,0
Kissing Strangers - Remix,DNCE,3.744892,71,2017,120,77,76,-6,8,81,202,8,5,43,1
A L I E N S,Coldplay,30.35125,90,2017,148,88,43,-5,21,25,282,0,4,41,0
One Kiss (with Dua Lipa),Calvin Harris,21.722981,88,2018,124,86,79,-3,8,59,215,4,11,86,1
Havana (feat. Young Thug),Camila Cabello,21.833505,84,2018,105,52,77,-4,13,39,217,18,3,85,1
I Like It,Cardi B,16.505769,89,2018,136,73,82,-4,37,65,253,10,13,85,0
New Rules,Dua Lipa,25.495143,95,2018,116,70,76,-6,15,61,209,0,7,84,1
There's Nothing Holdin' Me Back,Shawn Mendes,33.064325,88,2018,122,81,87,-4,8,97,199,38,6,84,0
no tears left to cry,Ariana Grande,63.874004,96,2018,122,71,70,-6,29,35,206,4,6,84,1
IDGAF,Dua Lipa,25.495143,95,2018,97,54,84,-6,8,51,218,4,9,84,1
In My Blood,Shawn Mendes,33.064325,88,2018,140,71,62,-7,13,49,211,6,7,83,0
Wolves,Selena Gomez,27.688948,88,2018,125,80,72,-5,20,31,198,12,4,83,1
Dusk Till Dawn - Radio Edit,ZAYN,15.977325,83,2018,180,44,26,-7,11,10,239,10,4,83,1
Attention,Charlie Puth,13.204497,83,2018,100,61,78,-5,13,80,209,11,5,83,1
Electricity (with Dua Lipa),Silk City,0.069513,66,2018,118,67,59,-6,34,51,238,1,5,82,0
Love On The Brain,Rihanna,43.069731,92,2018,172,64,51,-5,8,38,224,7,5,82,0
"Let Me Go (with Alesso, Florida Georgia Line & watt)",Hailee Steinfeld,6.805027,78,2018,103,71,66,-4,8,74,175,3,5,82,1
Silence,Marshmello,30.815696,89,2018,142,76,52,-3,17,29,181,26,9,82,0
Sorry Not Sorry,Demi Lovato,19.917327,87,2018,144,64,71,-7,26,89,204,2,23,81,1
Shallow - Radio Edit,Lady Gaga,17.68018,89,2018,96,33,57,-7,9,28,217,42,3,80,1
These Days,Rudimental,1.275555,76,2018,92,81,65,-4,17,55,211,19,5,80,1
What Lovers Do (feat. SZA),Maroon 5,31.08034,91,2018,110,60,80,-5,10,42,200,8,6,79,0
Finesse - Remix; feat. Cardi B,Bruno Mars,31.020064,93,2018,105,86,70,-5,2,93,217,2,10,78,0
Perfect Duet (Ed Sheeran & Beyoncé),Ed Sheeran,80.746303,92,2018,95,30,59,-7,12,36,260,78,3,78,0
Bad At Love,Halsey,15.162628,88,2018,118,75,68,-4,9,61,181,6,3,78,1
Him & I (with Halsey),G-Eazy,4.847216,83,2018,88,73,59,-6,31,19,269,5,9,78,0
Friends (with BloodPop®),Justin Bieber,46.280515,97,2018,105,73,74,-5,30,62,189,0,4,77,0
Wild Thoughts (feat. Rihanna & Bryson Tiller),DJ Khaled,6.121763,86,2018,98,67,67,-3,12,63,204,3,7,76,1
My My My!,Troye Sivan,5.7003,82,2018,103,46,70,-8,5,48,205,0,8,76,1
Capital Letters,Hailee Steinfeld,6.805027,78,2018,100,81,66,-6,5,46,219,3,8,76,1
Sick Boy,The Chainsmokers,17.947446,85,2018,90,58,66,-8,12,45,193,11,5,76,0
Tequila,Dan + Shay,2.251125,80,2018,86,59,47,-6,13,50,196,3,3,76,0
Look What You Made Me Do,Taylor Swift,40.244006,96,2018,128,71,77,-6,13,51,212,20,12,75,0
Youth (feat. Khalid),Shawn Mendes,33.064325,88,2018,100,60,53,-7,13,32,191,56,12,75,0
Bad Liar,Selena Gomez,27.688948,88,2018,121,41,97,-6,8,73,215,19,7,75,1
Anywhere,Rita Ora,6.657327,79,2018,107,80,63,-4,10,32,215,4,6,74,1
Say Something,Justin Timberlake,10.823572,84,2018,97,63,71,-7,8,37,279,10,8,74,1
Chun-Li,Nicki Minaj,21.512369,91,2018,129,73,69,-5,11,48,192,28,37,73,1
Sign of the Times,Harry Styles,15.057101,89,2018,120,57,52,-5,11,21,341,3,3,72,1
Familiar,Liam Payne,7.763108,74,2018,93,81,64,-5,8,91,197,2,33,72,1
Let Me,ZAYN,15.977325,83,2018,168,57,46,-6,10,19,185,24,5,72,1
Supernova,Ansel Elgort,0.737736,58,2018,140,62,77,-5,21,68,191,6,10,72,1
Nervous,Shawn Mendes,33.064325,88,2018,122,62,84,-7,13,74,164,4,8,71,0
First Time,Kygo,7.470972,86,2018,90,59,63,-7,10,68,194,20,11,71,0
End Game,Taylor Swift,40.244006,96,2018,159,59,65,-6,11,15,245,1,6,70,0
Mi Gente (feat. Beyoncé),J Balvin,28.008821,94,2018,105,72,76,-6,23,47,210,2,8,68,0
Lemon,N.E.R.D,0.668503,63,2018,95,73,92,-7,12,20,220,0,9,68,0
For You (With Rita Ora),Liam Payne,7.763108,74,2018,113,80,54,-5,42,18,243,2,3,67,1
Want To,Dua Lipa,25.495143,95,2018,92,69,57,-5,6,32,212,8,12,67,1
What I Need (feat. Kehlani),Hayley Kiyoko,1.432523,67,2018,104,79,63,-4,16,41,220,5,6,67,1
Wait,Maroon 5,31.08034,91,2018,126,60,66,-5,11,45,191,10,6,67,0
What About Us,P!nk,11.075481,87,2018,114,59,39,-6,9,19,272,3,6,66,1
Kissing Strangers,DNCE,3.744892,71,2018,120,74,77,-6,9,86,202,5,4,66,1
2U (feat. Justin Bieber),David Guetta,22.646855,92,2018,145,61,53,-7,23,53,195,23,6,65,1
Walk On Water (feat. Beyoncé),Eminem,44.814807,94,2018,82,44,48,-10,64,62,304,81,24,65,0
This Town,Niall Horan,7.33006,83,2018,112,41,68,-8,12,20,233,70,3,64,1
"Girls (feat. Cardi B, Bebe Rexha & Charli XCX)",Rita Ora,6.657327,79,2018,94,69,73,-4,10,42,221,2,5,64,1
MOVE TO MIAMI,Enrique Iglesias,10.143558,80,2018,100,87,76,-4,7,90,169,3,5,64,1
Miss You (with Major Lazer & Tory Lanez),Cashmere Cat,0.310759,61,2018,100,64,75,-5,11,45,186,25,9,64,0
Filthy,Justin Timberlake,10.823572,84,2018,97,58,75,-6,25,65,294,4,14,62,1
Never Be the Same - Radio Edit,Camila Cabello,21.833505,84,2018,130,69,63,-4,12,25,227,16,9,57,1
Ferrari,Bebe Rexha,6.431301,84,2018,77,48,58,-6,10,42,213,2,3,57,1
Supplies,Justin Timberlake,10.823572,84,2018,120,55,79,-7,13,23,226,1,5,57,1
Boom Boom,RedOne,0.045373,52,2018,110,76,75,-8,20,58,248,0,5,53,0
...Ready For It? - BloodPop® Remix,Taylor Swift,40.244006,96,2018,160,84,58,-5,10,50,190,13,22,52,0
Drip (feat. Migos),Cardi B,16.505769,89,2018,130,59,97,-8,8,27,264,5,26,45,0
Tell Me You Love Me - NOTD Remix,Demi Lovato,19.917327,87,2018,102,77,58,-5,9,76,182,5,8,44,1
Memories,Maroon 5,31.08034,91,2019,91,32,76,-7,8,57,189,84,5,99,0
Lose You To Love Me,Selena Gomez,27.688948,88,2019,102,34,51,-9,21,9,206,58,4,97,1
Someone You Loved,Lewis Capaldi,7.950791,85,2019,110,41,50,-6,11,45,182,75,3,96,0
Señorita,Shawn Mendes,33.064325,88,2019,117,54,76,-6,9,75,191,4,3,95,0
How Do You Sleep?,Sam Smith,16.598527,87,2019,111,68,48,-5,8,35,202,15,9,93,0
South of the Border (feat. Camila Cabello & Cardi B),Ed Sheeran,80.746303,92,2019,98,62,86,-6,9,67,204,15,8,92,0
Trampoline (with ZAYN),SHAED,0.133906,69,2019,127,46,62,-6,14,50,184,56,3,92,0
Happier,Marshmello,30.815696,89,2019,100,79,69,-3,17,67,214,19,5,90,0
Truth Hurts,Lizzo,3.862795,78,2019,158,62,72,-3,12,41,173,11,11,90,0
Good as Hell (feat. Ariana Grande) - Remix,Lizzo,3.862795,78,2019,96,89,67,-3,74,48,159,30,6,90,0
Higher Love,Kygo,7.470972,86,2019,104,68,69,-7,10,40,228,2,3,88,0
Only Human,Jonas Brothers,5.291239,81,2019,94,50,80,-6,6,87,183,11,7,87,0
Beautiful People (feat. Khalid),Ed Sheeran,80.746303,92,2019,93,65,64,-8,8,55,198,12,19,86,0
Sucker,Jonas Brothers,5.291239,81,2019,138,73,84,-5,11,95,181,4,6,86,0
Don't Call Me Up,Mabel,1.318928,78,2019,99,88,67,-3,8,23,178,30,15,86,1
I Don't Care (with Justin Bieber),Ed Sheeran,80.746303,92,2019,102,68,80,-5,9,84,220,9,4,85,0
Talk (feat. Disclosure),Khalid,13.922877,91,2019,136,40,90,-9,6,35,198,5,13,84,0
Giant (with Rag'n'Bone Man),Calvin Harris,21.722981,88,2019,122,89,81,-4,8,61,229,2,4,84,1
Takeaway,The Chainsmokers,17.947446,85,2019,100,51,53,-8,10,35,210,13,3,83,0
All Around The World (La La La),R3HAB,2.196529,82,2019,125,86,73,-5,11,52,148,48,3,82,0
Girls Like You (feat. Cardi B),Maroon 5,31.08034,91,2019,125,54,85,-7,13,45,236,57,5,81,0
Call You Mine,The Chainsmokers,17.947446,85,2019,104,70,59,-6,34,52,218,20,3,81,0
No Guidance (feat. Drake),Chris Brown,13.729034,91,2019,93,45,70,-7,16,14,261,12,15,81,1
Antisocial (with Travis Scott),Ed Sheeran,80.746303,92,2019,152,82,72,-5,36,91,162,13,5,78,0
"Taki Taki (feat. Selena Gomez, Ozuna & Cardi B)",DJ Snake,7.355824,82,2019,96,80,84,-4,6,62,213,16,23,77,0
Con Calma - Remix,Daddy Yankee,23.303379,91,2019,94,87,74,-3,4,61,181,17,5,76,0
Find U Again (feat. Camila Cabello),Mark Ronson,0.909863,80,2019,104,66,61,-7,20,16,176,1,3,75,1
Cross Me (feat. Chance the Rapper & PnB Rock),Ed Sheeran,80.746303,92,2019,95,79,75,-6,7,61,206,21,12,75,0
"No Brainer (feat. Justin Bieber, Chance the Rapper & Quavo)",DJ Khaled,6.121763,86,2019,136,76,53,-5,9,65,260,7,34,70,1
Nothing Breaks Like a Heart (feat. Miley Cyrus),Mark Ronson,0.909863,80,2019,114,79,60,-6,42,24,217,1,7,69,1
Kills You Slowly,The Chainsmokers,17.947446,85,2019,150,44,70,-9,13,23,213,6,6,67,0
Blinding Lights,The Weeknd,32.995332,96,2020,171.005,73,51.4,-5.934,8.97,33.4,200.04,0.146,5.98,94,0
Dance Monkey,Tones And I,2.758402,80,2020,98.078,59.3,82.5,-6.401,17,54,209.755,68.8,9.88,66,0
The Box,Roddy Ricch,6.2986,88,2020,116.971,58.6,89.6,-6.687,79,64.2,196.653,10.4,5.59,86,0
Roses - Imanbek Remix,SAINt JHN,0.715897,79,2020,121.962,72.1,78.5,-5.457,28.5,89.4,176.219,1.49,5.06,65,0
Don't Start Now,Dua Lipa,25.495143,95,2020,123.95,79.3,79.3,-4.521,9.51,67.9,183.29,1.23,8.3,84,1
ROCKSTAR (feat. Roddy Ricch),DaBaby,6.979098,94,2020,89.977,69,74.6,-7.956,10.1,49.7,181.733,24.7,16.4,88,0
Watermelon Sugar,Harry Styles,15.057101,89,2020,95.39,81.6,54.8,-4.209,33.5,55.7,174,12.2,4.65,91,0
death bed (coffee for your head),Powfu,0.885397,79,2020,144.026,43.1,72.6,-8.765,69.6,34.8,173.333,73.1,13.5,87,0
Falling,Trevor Daniel,0.615068,76,2020,127.087,43,78.4,-8.756,8.87,23.6,159.382,12.3,3.64,76,0
Someone You Loved,Lewis Capaldi,7.950791,85,2020,109.891,40.5,50.1,-5.679,10.5,44.6,182.161,75.1,3.19,88,0
Tusa,KAROL G,16.737262,89,2020,101.085,71.5,80.3,-3.28,5.74,57.4,200.96,29.5,29.8,82,0
ROXANNE,Arizona Zervas,0.609642,75,2020,116.735,60.1,62.1,-5.616,46,45.7,163.636,5.22,14.8,84,0
Circles,Post Malone,32.799745,93,2020,120.042,76.2,69.5,-3.497,8.63,55.3,215.28,19.2,3.95,88,0
Blueberry Faygo,Lil Mosey,3.66568,81,2020,99.034,55.4,77.4,-7.909,13.2,34.9,162.547,20.7,3.83,80,0
Intentions (feat. Quavo),Justin Bieber,46.280515,97,2020,147.986,54.6,80.6,-6.637,10.2,87.4,212.867,30,5.75,79,0
Toosie Slide,Drake,55.050203,98,2020,81.604,49,83,-8.82,11.3,84.5,247.059,28.9,20.9,74,0
Before You Go,Lewis Capaldi,7.950791,85,2020,111.881,57.5,45.9,-4.858,8.85,18.3,215.107,60.4,5.73,84,0
Say So,Doja Cat,7.056288,94,2020,110.962,67.3,78.7,-4.577,9.04,78.6,237.893,25.6,15.8,84,1
Memories,Maroon 5,31.08034,91,2020,91.019,32,76.4,-7.209,8.22,57.5,189.486,83.7,5.46,87,0
Life Is Good (feat. Drake),Future,10.268621,90,2020,142.053,57.4,79.5,-6.903,15,53.7,237.918,6.7,48.7,75,0
Savage Love (Laxed - Siren Beat),Jawsh 685,0.093274,76,2020,150.076,48.1,76.7,-8.52,26.9,76.1,171.375,23.4,8.03,85,0
Adore You,Harry Styles,15.057101,89,2020,99.048,77.1,67.6,-3.675,10.2,56.9,207.133,2.37,4.83,86,0
Breaking Me,Topic,0.142412,83,2020,122.031,72,78.9,-5.652,12.9,66.4,166.794,22.3,21.8,86,1
Mood (feat. iann dior),24kGoldn,1.118253,85,2020,90.989,72.2,70,-3.558,27.2,75.6,140.526,22.1,3.69,71,0
everything i wanted,Billie Eilish,44.255825,93,2020,120.006,22.5,70.4,-14.454,10.6,24.3,245.426,90.2,9.94,85,0
Señorita,Shawn Mendes,33.064325,88,2020,116.967,54.8,75.9,-6.049,8.28,74.9,190.8,3.92,2.9,80,0
bad guy,Billie Eilish,44.255825,93,2020,135.128,42.5,70.1,-10.965,10,56.2,194.088,32.8,37.5,87,0
WAP (feat. Megan Thee Stallion),Cardi B,16.505769,89,2020,133.073,45.4,93.5,-7.509,8.24,35.7,187.541,1.94,37.5,87,1
Sunday Best,Surfaces,0.700014,77,2020,112.022,52.5,87.8,-6.832,7.14,69.4,158.571,18.3,5.78,82,0
Godzilla (feat. Juice WRLD),Eminem,44.814807,94,2020,165.995,74.5,80.8,-5.26,29.2,82.9,210.8,14.5,34.2,85,0
Yummy,Justin Bieber,46.280515,97,2020,145.842,50.6,67.6,-6.652,11.8,49.7,208.52,34.5,9.58,73,0
Break My Heart,Dua Lipa,25.495143,95,2020,113.011,72.9,73,-3.434,34.9,46.7,221.82,16.7,8.84,82,1
Dynamite,BTS,34.030197,99,2020,114.044,76.5,74.6,-4.41,9.36,73.7,199.054,1.12,9.93,81,0
Supalonely (feat. Gus Dapperton),BENEE,0.625522,74,2020,128.978,63.1,86.2,-4.746,12.3,84.1,223.488,29.1,5.15,66,0
ily (i love you baby) (feat. Emilee),Surf Mesa,0.128802,73,2020,112.05,77.4,67.4,-7.567,39.3,33,176.547,6.86,8.92,84,0
Rain On Me (with Ariana Grande),Lady Gaga,17.68018,89,2020,123.056,85.5,67.2,-3.764,32.3,64.6,182.2,2.1,3.97,79,1
HIGHEST IN THE ROOM,Travis Scott,16.815267,94,2020,76.469,42.7,59.8,-8.764,21,6.05,175.721,5.46,3.17,86,0
Sunflower - Spider-Man: Into the Spider-Verse,Post Malone,32.799745,93,2020,89.96,52.2,75.5,-4.368,6.85,92.5,157.56,53.3,5.75,81,0
Hawái,Maluma,25.832418,91,2020,180.067,72.7,78.3,-3.454,6.26,55.8,199.112,18.5,38.9,81,0
Ride It,Regard,0.140886,81,2020,117.948,75.1,88,-4.258,10.6,88.4,157.606,17.7,8.74,86,1
goosebumps,Travis Scott,16.815267,94,2020,130.049,72.8,84.1,-3.37,14.9,43,243.837,8.47,4.84,87,0
RITMO (Bad Boys For Life),Black Eyed Peas,5.762366,86,2020,105.095,70.4,72.3,-7.088,79.2,68.4,214.935,2.59,5.71,48,1
THE SCOTTS,THE SCOTTS,0.178098,69,2020,129.979,53.7,71.6,-7.648,15.7,28,165.978,23.3,5.14,82,0
Safaera,Bad Bunny,33.842075,98,2020,96.172,82.9,60.7,-4.074,10.7,68.5,295.177,1.03,37.9,81,0
lovely (with Khalid),Billie Eilish,44.255825,93,2020,115.284,29.6,35.1,-10.109,9.5,12,200.186,93.4,3.33,88,0
Lucid Dreams,Juice WRLD,17.857741,96,2020,83.903,56.6,51.1,-7.23,34,21.8,239.836,34.9,20,86,0
Stuck with U (with Justin Bieber),Ariana Grande,63.874004,96,2020,178.765,45,59.7,-6.658,38.2,53.7,228.482,22.3,4.18,85,1
If the World Was Ending - feat. Julia Michaels,JP Saxe,0.260151,76,2020,75.801,47.3,46.4,-10.086,10.9,60.4,208.687,86.6,12.9,84,0
Physical,Dua Lipa,25.495143,95,2020,146.967,84.4,64.7,-3.756,10.2,74.6,193.829,1.37,4.57,78,1
SICKO MODE,Travis Scott,16.815267,94,2020,155.008,73,83.4,-3.714,12.4,44.6,312.82,0.513,22.2,85,0
